MeanAbsoluteError,72.93033654464313
MedianAbsoluteError,44.32508907470627
